Administrative Tribunals Support Service of Canada,Administrative Tribunals Support Service of Canada
Agriculture and Agri-Food,Agriculture and Agri-Food Canada
Atlantic Canada Opportunities Agency,Atlantic Canada Opportunities Agency
Canada Border Services Agency,Canada Border Services Agency
Canada Industrial Relations Board,Canada Industrial Relations Board
Canada Revenue Agency,Canada Revenue Agency
Canada School of Public Service,Canada School of Public Service
Canadian Artists and Producers Professional Relations Tribunal,Canadian Artists and Producers Professional Relations Tribunal
Canadian Environmental Assessment Agency,Canadian Environmental Assessment Agency
Canadian Food Inspection Agency,Canadian Food Inspection Agency
Canadian Grain Commission,Canadian Grain Commission
Canadian Heritage,Canadian Heritage
Canadian High Arctic Research Station,Canadian High Arctic Research Station
Canadian Human Rights Commission,Canadian Human Rights Commission
Canadian Institutes of Health Research,Canadian Institutes of Health Research
Canadian Intergovernmental Conference Secretariat,Canadian Intergovernmental Conference Secretariat
Canadian International Trade Tribunal,Canadian International Trade Tribunal
Canadian Northern Economic Development Agency,Canadian Northern Economic Development Agency
Canadian Nuclear Safety Commission,Canadian Nuclear Safety Commission
Canadian Radio-television and Telecommunications Commission,Canadian Radio-television and Telecommunications Commission
Canadian Space Agency,Canadian Space Agency
Canadian Transportation Agency,Canadian Transportation Agency
Civilian Review and Complaints Commission for the Royal Canadian Mounted Police,Civilian Review and Complaints Commission for the RCMP
Copyright Board,Copyright Board Canada
Correctional Service of Canada,Correctional Service Canada
Courts Administration Service,Courts Administration Service
Finance,Department of Finance Canada
Justice,Department of Justice Canada
Economic Development Agency of Canada for the Regions of Quebec,Economic Development Agency of Canada for the Regions of Quebec
Employment and Social Development,Employment and Social Development Canada
Environment,Environment and Climate Change Canada
Federal Economic Development Agency for Southern Ontario,Federal Economic Development Agency for Southern Ontario
Financial Consumer Agency of Canada,Financial Consumer Agency of Canada
Financial Transactions and Reports Analysis Centre of Canada,Financial Transactions and Reports Analysis Centre of Canada
Fisheries and Oceans,Fisheries and Oceans Canada
Hazardous Materials Information Review Commission,Hazardous Materials Information Review Commission Canada
Health,Health Canada
Immigration and Refugee Board,Immigration and Refugee Board of Canada
Library and Archives of Canada,Library and Archives Canada
Military Grievances External Review Committee,Military Grievances External Review Committee
Military Police Complaints Commission,Military Police Complaints Commission of Canada
National Defence,National Defence
National Energy Board,National Energy Board
National Film Board,National Film Board
National Research Council of Canada,National Research Council Canada
National Round Table on the Environment and the Economy,National Round Table on the Environment and the Economy
Natural Resources,Natural Resources Canada
Northern Pipeline Agency,Northern Pipeline Agency
Office of the Auditor General,Office of the Auditor General of Canada
Office of the Commissioner for Federal Judicial Affairs,Office of the Commissioner for Federal Judicial Affairs Canada
Office of the Commissioner of Lobbying,Office of the Commissioner of Lobbying of Canada
Office of the Commissioner of Official Languages,Office of the Commissioner of Official Languages
Office of the Public Sector Integrity Commissioner,Office of the Public Sector Integrity Commissioner of Canada
Office of the Superintendent of Financial Institutions,Office of the Superintendent of Financial Institutions Canada
Offices of the Information and Privacy Commissioners of Canada,Offices of the information and Privacy Commissioners of Canada
Parks Canada Agency,Parks Canada
Parole Board of Canada,Parole Board of Canada
Patented Medicine Prices Review Board,Patented Medicine Prices Review Board Canada
Privy Council Office,Privy Council Office
Public Health Agency of Canada,Public Health Agency of Canada
Public Safety and Emergency Preparedness,Public Safety Canada
Registry of the Public Servants Disclosure Protection Tribunal,Public Servants Disclosure Protection Tribunal Canada
Public Service Commission,Public Service Commission of Canada
Public Service Labour Relations Board,Public Service Labour Relations Board
Public Service Staffing Tribunal,Public Service Staffing Tribunal
Registrar of the Supreme Court of Canada,Registrar of the Supreme Court of Canada
Registry of the Specific Claims Tribunal,Registry of the Specific Claims Tribunal of Canada
Royal Canadian Mounted Police,Royal Canadian Mounted Police (Civilian Staff)
Royal Canadian Mounted Police External Review Committee,RCMP External Review Committee
Security Intelligence Review Committee,Security Intelligence Review Committee
Shared Services Canada,Shared Services Canada
Social Sciences and Humanities Research Council,Social Sciences and Humanities Research Council of Canada
Statistics Canada,Statistics Canada
Transport,Transport Canada
Transportation Appeal Tribunal of Canada,Transportation Appeal Tribunal of Canada
Treasury Board Secretariat,Treasury Board of Canada Secretariat
Veterans Affairs,Veterans Affairs Canada
Veterans Review and Appeal Board,Veterans Review and Appeal Board
Western Economic Diversification,Western Economic Diversification Canada
"Office of the Co-ordinator, Status of Women",Status of Women Canada
Canadian Human Rights Tribunal,Human Rights Tribunal of Canada
Citizenship and Immigration,"Immigration, Refugees and Citizenship Canada"
Office of the Correctional Investigator of Canada,The Correctional Investigator Canada
Office of the Director of Public Prosecutions,Public Prosecution Service of Canada
Office of Infrastructure of Canada,Infrastructure Canada
Office of the Chief Electoral Officer,Elections Canada
Registry of the Competition Tribunal,Competition Bureau Canada
Public Works and Government Services,Public Services and Procurement Canada
"Foreign Affairs, Trade and Development",Global Affairs Canada
Office of the Communications Security Establishment Commissioner,Communications Security Establishment
Indian Affairs and Northern Development,Indigenous and Northern Affairs Canada
